<?xml version="1.0" encoding="UTF-8"?>
<!DOCTYPE mapper PUBLIC "-//mybatis.org//DTD Mapper 3.0//EN" 
	"http://mybatis.org/dtd/mybatis-3-mapper.dtd">

<!-- UserRepo의 패키지명과 동일해야한다 -->
<mapper namespace="com.ssafy.happyhouse.model.repo.AptSaleRepo"> 

 	<insert id="insertAptSale" parameterType="aptSale">
 		<selectKey order="AFTER" resultType="int" keyProperty="no">
 		select max(no) from aptsale
 		</selectKey>
		insert into aptsale(aptName, dongName, title, content, regId, img) 
		values(#{aptName},#{dongName},#{title},#{content},#{regId},#{img});	
	</insert> 
	
	<select id="selectAptSaleAll" resultType="map">
		SELECT * FROM aptsale
		ORDER BY no desc;
	</select>
	
	<select id="selectAptSale" parameterType="int" resultType="map">
		SELECT * FROM aptsale WHERE no = #{no};
	</select>
	
	<update id="update" parameterType="aptSale">
		update aptsale set title=#{title}, content=#{content}, soldout=#{soldout}
		where no=#{no}
	</update>
	
	<update id="soldout" parameterType="int">
		update aptsale set soldout=1,
		where no=#{no}
	</update>
	
	<delete id="delete" parameterType="Integer">
		delete from aptsale where no=#{no}
	</delete>

	
</mapper>