<?xml version="1.0" encoding="UTF-8"?>
<!DOCTYPE mapper PUBLIC "-//mybatis.org//DTD Mapper 3.0//EN" 
	"http://mybatis.org/dtd/mybatis-3-mapper.dtd">

<!-- UserRepo의 패키지명과 동일해야한다 -->
<mapper namespace="com.ssafy.happyhouse.model.repo.CommentRepo"> 

 	<insert id="insert" parameterType="comment">
		insert into comment(content, postNo, id) values(#{content},#{postNo}, #{id})
	</insert> 
	
	<update id="update" parameterType="comment">
		update comment 
		set content = #{content} 
		where no = #{no};
	</update>
	
	<delete id="delete" parameterType="Integer">
		delete from comment where no=#{no}
	</delete>
	
	<select id="selectAll" parameterType="Integer" resultType="comment" >
		select * from comment where postNo = #{postNo}
	</select>

	
	
</mapper>