<?xml version="1.0" encoding="UTF-8"?>
<!DOCTYPE mapper PUBLIC "-//mybatis.org//DTD Mapper 3.0//EN" 
	"http://mybatis.org/dtd/mybatis-3-mapper.dtd">

<!-- UserRepo의 패키지명과 동일해야한다 -->
<mapper namespace="com.ssafy.happyhouse.model.repo.NotificationRepo"> 

 	<insert id="insert" parameterType="aptSale">
		insert into notification(userId, aptSaleNo, dongName, title)
		select id as userId, #{no}, #{dongName}, #{title}  from user;
	</insert> 
	
	<insert id="welcome" parameterType="string">
		insert into notification(userId, aptSaleNo, dongName, title)
		values (#{id}, -1, '관리자', 'HAPPY TOWN 가입을 환영합니다 ^^');
	</insert>
	
	<insert id="msg" parameterType="map">
		insert into notification(userId, aptSaleNo, dongName, title)
		values ((SELECT id FROM happyhouse.user where name = #{name}), -1, '댓글이 달렸습니다', #{msg});
	</insert>
	
	
	<select id="select" parameterType="string" resultType="notification">
	select * from notification where userId = #{id};
	</select>
	
	
	<delete id="delete" parameterType="Integer">
		delete from notification where no=#{no}
	</delete>

	
</mapper>