<?xml version="1.0" encoding="UTF-8"?>
<!DOCTYPE mapper PUBLIC "-//mybatis.org//DTD Mapper 3.0//EN" 
	"http://mybatis.org/dtd/mybatis-3-mapper.dtd">

<!-- UserRepo의 패키지명과 동일해야한다 -->
<mapper namespace="com.ssafy.happyhouse.model.repo.PostRepo"> 

 	<insert id="insert" parameterType="post">
		insert into post(regId, title, content, viewCount) values(#{regId},#{title},#{content},#{viewCount})		
	</insert> 
	
	<select id="select" parameterType="Integer" resultType="post">
		select * from post where no=#{no}
	</select>  
	
	<select id="selectAll" resultType="post">
		select * from post order by no desc;
	</select> 
	
	<update id="update" parameterType="post">
		update post set regId=#{regId}, title=#{title}, content=#{content}
		where no=#{no}
	</update>
	
	<update id="incrementViewCount" parameterType="integer">
		UPDATE post
		SET viewCount = viewCount+1
		WHERE no = #{no};
	</update>
	
	<delete id="delete" parameterType="Integer">
		delete from post where no=#{no}
	</delete>
	
	<select id="searchById" parameterType="String" resultType="post">
		select * from post where regId=#{regId}
	</select> 
	
	
</mapper>