<?xml version="1.0" encoding="UTF-8" ?>
<!DOCTYPE mapper PUBLIC "-//mybatis.org//DTD Mapper 3.0//EN" 
	"http://mybatis.org/dtd/mybatis-3-mapper.dtd">
	
<!-- 인터페이스로 작성해야한다. -->
<mapper namespace="com.ssafy.happyhouse.model.repo.UserInterestHouseRepo">
	
	<!-- id , 아파트 코드만 반환-->
	<select id="select" parameterType="string" resultType="userinterest">
		SELECT * 
		FROM user_interest_house
		WHERE user_id = #{id};
	</select>
	 
	<!-- 아파트 정보까지 전부 반환 -->
	<select id="selectInfo" parameterType="string" resultType="houseinfo">
		SELECT hi.aptCode, hi.apartmentName as aptName, hi.dong, hi.buildYear, hi.lat, hi.lng, hi.minArea, hi.maxArea, hi.avgAmount 
		FROM user_interest_house join houseinfo2 as hi
		WHERE user_id = #{id} AND user_interest_house.houseinfo_aptCode = hi.aptCode;
	</select>
	
	<select id="selectId" parameterType="string" resultType="string">
		SELECT user_id
		FROM user_interest_house
		WHERE no = #{no}
	</select>
	
	<insert id="insert" parameterType="userinterest">
		INSERT INTO user_interest_house (`user_id`, `houseinfo_aptCode`) 
		VALUES (#{userId}, #{houseInfoAptCode});
	</insert>
	
	<delete id="delete" parameterType="userinterest">
		DELETE FROM user_interest_house WHERE user_id=#{userId} AND houseinfo_aptCode = #{houseInfoAptCode}
	</delete>
</mapper>