<?xml version="1.0" encoding="UTF-8" ?>
<!DOCTYPE mapper PUBLIC "-//mybatis.org//DTD Mapper 3.0//EN" 
	"http://mybatis.org/dtd/mybatis-3-mapper.dtd">

<!-- 인터페이스로 작성해야한다. -->
<mapper namespace="com.ssafy.happyhouse.model.repo.UserRepo">
	
	<insert id="insert" parameterType="user">
	INSERT INTO user(id, password, name, address) values(#{id}, #{password}, #{name}, #{address})
	</insert>
	
	<select id="select" parameterType="string" resultType="user">
	SELECT * FROM user WHERE id = #{id}
	</select>
	
	<update id="update" parameterType="user">
	UPDATE user SET
	name = #{name},
	address = #{address}
	WHERE id = #{id};
	</update>
	
	<update id="updatePassword" parameterType="user">
	UPDATE user SET
	password = #{password}
	WHERE id = #{id};
	</update>
	
	<delete id="delete" parameterType="string">
	DELETE FROM user WHERE id = #{id}
	</delete>
	
	<select id="selectAll" resultType="user">
	SELECT id, name, address
	FROM user;
	</select>

</mapper>